﻿<?xml version="1.0" encoding="utf-8"?>
<extension type="plugin" version="3.0" group="content" method="upgrade">
	<name>GIF Player</name>
	<version>1.0</version>
	<description>A plugin for playing and stoping the GIF images.</description>
	<license>GNU/GPL</license>
	<author>Mostafa Shahiri</author>
	<authoremail>mostafa2134@gmail.com</authoremail>
	<authorurl>www.extensions.joomla.com</authorurl>
	<copyright></copyright>
       	<updateservers>
		<server type="extension" priority="1" name="Gif Player">
		   https://github.com/mostafa272/Gif-Player/blob/master/update.xml
		</server>
	</updateservers>
	<files>
		<filename plugin="gifplayer">gifplayer.php</filename>
        <folder>js</folder>
        <folder>css</folder>
	</files>
        <languages>
			<language tag="en-GB">language/en-GB.plg_content_gifplayer.ini</language>
			<language tag="fa-IR">language/fa-IR.plg_content_gifplayer.ini</language>
	</languages>
        <config>
	<fields name="params">
		<fieldset name="basic">
      <field name="hover" type="radio" default="0" label="PLG_GIFPLAYER_HOVER_LABEL" description="PLG_GIFPLAYER_HOVER_DESC">
	  <option value="1">JYES</option>
	  <option value="0">JNO</option>
	</field>
     <field name="wait" type="radio" default="0" label="PLG_GIFPLAYER_WAIT_LABEL" description="PLG_GIFPLAYER_WAIT_DESC">
	  <option value="1">JYES</option>
	  <option value="0">JNO</option>
	</field>
         <field name="primg" type="list" default="0" label="PLG_GIFPLAYER_PRIMG_LABEL" description="PLG_GIFPLAYER_PRIMG_DESC">
    <option value="2">JPEG</option>
    <option value="1">JPG</option>
	  <option value="0">PNG</option>
	</field>
    <field name="labelimg" type="text" default="play"  label="PLG_GIFPLAYER_LABEL_LABEL" description="PLG_GIFPLAYER_LABEL_DESC" />
      <field name="width" type="text"  label="PLG_GIFPLAYER_WIDTH_LABEL" description="PLG_GIFPLAYER_WIDTH_DESC" />
        <field name="height" type="text" label="PLG_GIFPLAYER_HEIGHT_LABEL" description="PLG_GIFPLAYER_HEIGHT_DESC" />

        	</fieldset>

	</fields>
	</config>
</extension>